{
  "system": "unforced_poc",
  "num_total_trajectories": 440,
  "num_train_trajectories": 400,
  "num_test_trajectories": 40,
  "nlpd_first_kept_step": 2,
  "nlpd_last_kept_step": 97,
  "nlpd_num_time_steps_used": 96,
  "computation_time_seconds": 34.578153200011,
  "final_train_cost": 0.010762214660644531,
  "train_nrmse": {
    "mean": 0.02729981392621994,
    "median": 0.016433507204055786
  },
  "test_nrmse": {
    "mean": 0.0217788964509964,
    "median": 0.015412021428346634
  },
  "train_nlpd": {
    "mean": 20.35111427307129,
    "median": 7.934324741363525
  },
  "test_nlpd": {
    "mean": 15.170425415039062,
    "median": 6.735569477081299
  },
  "files": {
    "text_summary": "Figures\\numtraj_sweep_20260526_171232\\numtrain_0400.txt",
    "json_summary": "Figures\\numtraj_sweep_20260526_171232\\numtrain_0400.json"
  },
  "config": {
    "lifting_order": 35,
    "max_iter": 100000,
    "learn_rate": 0.002,
    "device": "cuda:0",
    "train_method": "Zero-Mean",
    "routine": "Z_only",
    "hp1_scale": 1.0,
    "hp2_init": 2.5219531059265137,
    "opt_weights": [
      1.0,
      1.0,
      0.0
    ],
    "seed_z": 1234,
    "seed_hp": 1234
  }
}