{
  "system": "unforced_poc",
  "num_total_trajectories": 190,
  "num_train_trajectories": 150,
  "num_test_trajectories": 40,
  "nlpd_first_kept_step": 2,
  "nlpd_last_kept_step": 97,
  "nlpd_num_time_steps_used": 96,
  "computation_time_seconds": 25.102964399993652,
  "final_train_cost": 0.016567163169384003,
  "train_nrmse": {
    "mean": 0.13725806772708893,
    "median": 0.1070796400308609
  },
  "test_nrmse": {
    "mean": 0.16901519894599915,
    "median": 0.11712154000997543
  },
  "train_nlpd": {
    "mean": 4.898571014404297,
    "median": 0.09656290709972382
  },
  "test_nlpd": {
    "mean": 2.0404977798461914,
    "median": 0.6156489253044128
  },
  "files": {
    "text_summary": "Figures\\numtraj_sweep_20260526_171232\\numtrain_0150.txt",
    "json_summary": "Figures\\numtraj_sweep_20260526_171232\\numtrain_0150.json"
  },
  "config": {
    "lifting_order": 35,
    "max_iter": 100000,
    "learn_rate": 0.002,
    "device": "cuda:0",
    "train_method": "Zero-Mean",
    "routine": "Z_only",
    "hp1_scale": 1.0,
    "hp2_init": 2.5101442337036133,
    "opt_weights": [
      1.0,
      1.0,
      0.0
    ],
    "seed_z": 1234,
    "seed_hp": 1234
  }
}