{
  "system": "unforced_poc",
  "num_total_trajectories": 290,
  "num_train_trajectories": 250,
  "num_test_trajectories": 40,
  "nlpd_first_kept_step": 2,
  "nlpd_last_kept_step": 97,
  "nlpd_num_time_steps_used": 96,
  "computation_time_seconds": 27.18286870000884,
  "final_train_cost": 0.010753518901765347,
  "train_nrmse": {
    "mean": 0.07842765748500824,
    "median": 0.061807453632354736
  },
  "test_nrmse": {
    "mean": 0.10679922997951508,
    "median": 0.08471781760454178
  },
  "train_nlpd": {
    "mean": 110.18099975585938,
    "median": 54.17660140991211
  },
  "test_nlpd": {
    "mean": 95.6178207397461,
    "median": 55.544551849365234
  },
  "files": {
    "text_summary": "Figures\\numtraj_sweep_20260526_171232\\numtrain_0250.txt",
    "json_summary": "Figures\\numtraj_sweep_20260526_171232\\numtrain_0250.json"
  },
  "config": {
    "lifting_order": 35,
    "max_iter": 100000,
    "learn_rate": 0.002,
    "device": "cuda:0",
    "train_method": "Zero-Mean",
    "routine": "Z_only",
    "hp1_scale": 1.0,
    "hp2_init": 2.5164780616760254,
    "opt_weights": [
      1.0,
      1.0,
      0.0
    ],
    "seed_z": 1234,
    "seed_hp": 1234
  }
}