{
  "system": "unforced_poc",
  "num_total_trajectories": 140,
  "num_train_trajectories": 100,
  "num_test_trajectories": 40,
  "nlpd_first_kept_step": 2,
  "nlpd_last_kept_step": 97,
  "nlpd_num_time_steps_used": 96,
  "computation_time_seconds": 26.298135299992282,
  "final_train_cost": 0.03535430133342743,
  "train_nrmse": {
    "mean": 0.07057686895132065,
    "median": 0.061249345541000366
  },
  "test_nrmse": {
    "mean": 0.0936388149857521,
    "median": 0.06335905194282532
  },
  "train_nlpd": {
    "mean": 2.8543310165405273,
    "median": 0.9689643979072571
  },
  "test_nlpd": {
    "mean": 2.3284826278686523,
    "median": 0.9208970665931702
  },
  "files": {
    "text_summary": "Figures\\numtraj_sweep_20260526_171232\\numtrain_0100.txt",
    "json_summary": "Figures\\numtraj_sweep_20260526_171232\\numtrain_0100.json"
  },
  "config": {
    "lifting_order": 35,
    "max_iter": 100000,
    "learn_rate": 0.002,
    "device": "cuda:0",
    "train_method": "Zero-Mean",
    "routine": "Z_only",
    "hp1_scale": 1.0,
    "hp2_init": 2.518368721008301,
    "opt_weights": [
      1.0,
      1.0,
      0.0
    ],
    "seed_z": 1234,
    "seed_hp": 1234
  }
}