{
  "system": "unforced_poc",
  "num_total_trajectories": 100,
  "num_train_trajectories": 60,
  "num_test_trajectories": 40,
  "nlpd_first_kept_step": 2,
  "nlpd_last_kept_step": 97,
  "nlpd_num_time_steps_used": 96,
  "computation_time_seconds": 24.08630819999962,
  "final_train_cost": 0.049181077629327774,
  "train_nrmse": {
    "mean": 0.027867713943123817,
    "median": 0.025757070630788803
  },
  "test_nrmse": {
    "mean": 0.03312983363866806,
    "median": 0.025144245475530624
  },
  "train_nlpd": {
    "mean": -1.496369481086731,
    "median": -1.4344382286071777
  },
  "test_nlpd": {
    "mean": -1.091371774673462,
    "median": -1.0583041906356812
  },
  "files": {
    "text_summary": "Figures\\numtraj_sweep_20260526_171232\\numtrain_0060.txt",
    "json_summary": "Figures\\numtraj_sweep_20260526_171232\\numtrain_0060.json"
  },
  "config": {
    "lifting_order": 35,
    "max_iter": 100000,
    "learn_rate": 0.002,
    "device": "cuda:0",
    "train_method": "Zero-Mean",
    "routine": "Z_only",
    "hp1_scale": 1.0,
    "hp2_init": 2.5060794353485107,
    "opt_weights": [
      1.0,
      1.0,
      0.0
    ],
    "seed_z": 1234,
    "seed_hp": 1234
  }
}