{
  "system": "unforced_poc",
  "num_total_trajectories": 60,
  "num_train_trajectories": 20,
  "num_test_trajectories": 40,
  "nlpd_first_kept_step": 2,
  "nlpd_last_kept_step": 97,
  "nlpd_num_time_steps_used": 96,
  "computation_time_seconds": 31.900554699997883,
  "final_train_cost": 0.0205765962600708,
  "train_nrmse": {
    "mean": 0.031080162152647972,
    "median": 0.027612075209617615
  },
  "test_nrmse": {
    "mean": 0.04525921121239662,
    "median": 0.04322059080004692
  },
  "train_nlpd": {
    "mean": 4.0019917488098145,
    "median": 4.1854963302612305
  },
  "test_nlpd": {
    "mean": 4.552893161773682,
    "median": 4.724081993103027
  },
  "files": {
    "text_summary": "Figures\\numtraj_sweep_20260526_171232\\numtrain_0020.txt",
    "json_summary": "Figures\\numtraj_sweep_20260526_171232\\numtrain_0020.json"
  },
  "config": {
    "lifting_order": 35,
    "max_iter": 100000,
    "learn_rate": 0.002,
    "device": "cuda:0",
    "train_method": "Zero-Mean",
    "routine": "Z_only",
    "hp1_scale": 1.0,
    "hp2_init": 2.5873875617980957,
    "opt_weights": [
      1.0,
      1.0,
      0.0
    ],
    "seed_z": 1234,
    "seed_hp": 1234
  }
}