{
  "system": "unforced_poc",
  "num_total_trajectories": 80,
  "num_train_trajectories": 40,
  "num_test_trajectories": 40,
  "nlpd_first_kept_step": 2,
  "nlpd_last_kept_step": 97,
  "nlpd_num_time_steps_used": 96,
  "computation_time_seconds": 23.899565400002757,
  "final_train_cost": 0.02156061679124832,
  "train_nrmse": {
    "mean": 0.03948210924863815,
    "median": 0.029483625665307045
  },
  "test_nrmse": {
    "mean": 0.04453633725643158,
    "median": 0.035687126219272614
  },
  "train_nlpd": {
    "mean": 0.7711648941040039,
    "median": 0.6703087687492371
  },
  "test_nlpd": {
    "mean": 0.9504828453063965,
    "median": 0.9347927570343018
  },
  "files": {
    "text_summary": "Figures\\numtraj_sweep_20260526_171232\\numtrain_0040.txt",
    "json_summary": "Figures\\numtraj_sweep_20260526_171232\\numtrain_0040.json"
  },
  "config": {
    "lifting_order": 35,
    "max_iter": 100000,
    "learn_rate": 0.002,
    "device": "cuda:0",
    "train_method": "Zero-Mean",
    "routine": "Z_only",
    "hp1_scale": 1.0,
    "hp2_init": 2.524644374847412,
    "opt_weights": [
      1.0,
      1.0,
      0.0
    ],
    "seed_z": 1234,
    "seed_hp": 1234
  }
}