{
  "system": "unforced_poc",
  "num_total_trajectories": 60,
  "num_train_trajectories": 40,
  "num_test_trajectories": 20,
  "nlpd_first_kept_step": 2,
  "nlpd_last_kept_step": 97,
  "nlpd_num_time_steps_used": 96,
  "computation_time_seconds": 913.1368805000093,
  "final_train_cost": 19.45488929748535,
  "train_nrmse": {
    "mean": 0.09661900252103806,
    "median": 0.07154157012701035
  },
  "test_nrmse": {
    "mean": 0.0925382599234581,
    "median": 0.07692047208547592
  },
  "train_nlpd": {
    "mean": 1.130143404006958,
    "median": 1.134957194328308
  },
  "test_nlpd": {
    "mean": 0.8338395357131958,
    "median": 1.0125136375427246
  },
  "files": {
    "text_summary": "Figures\\numtraj_sweep_20260406_080202\\numtrain_0040.txt",
    "json_summary": "Figures\\numtraj_sweep_20260406_080202\\numtrain_0040.json"
  },
  "config": {
    "lifting_order": 35,
    "max_iter": 2500,
    "learn_rate": 0.001,
    "device": "cuda:0",
    "train_method": "Horizon",
    "routine": "Z_only",
    "hp1_scale": 1.0,
    "hp2_init": 2.554638281071737,
    "opt_weights": [
      1.0,
      1.0,
      0.0
    ],
    "seed_z": 1234,
    "seed_hp": 1234
  }
}