{
  "system": "unforced_poc",
  "num_total_trajectories": 100,
  "num_train_trajectories": 80,
  "num_test_trajectories": 20,
  "nlpd_first_kept_step": 2,
  "nlpd_last_kept_step": 97,
  "nlpd_num_time_steps_used": 96,
  "computation_time_seconds": 1410.6161077999277,
  "final_train_cost": 31.151885986328125,
  "train_nrmse": {
    "mean": 0.11008141189813614,
    "median": 0.08923949301242828
  },
  "test_nrmse": {
    "mean": 0.10594536364078522,
    "median": 0.10383856296539307
  },
  "train_nlpd": {
    "mean": 2.388162851333618,
    "median": 1.4339325428009033
  },
  "test_nlpd": {
    "mean": 1.8046115636825562,
    "median": 1.76804518699646
  },
  "files": {
    "text_summary": "Figures\\numtraj_sweep_20260406_080202\\numtrain_0080.txt",
    "json_summary": "Figures\\numtraj_sweep_20260406_080202\\numtrain_0080.json"
  },
  "config": {
    "lifting_order": 35,
    "max_iter": 2500,
    "learn_rate": 0.001,
    "device": "cuda:0",
    "train_method": "Horizon",
    "routine": "Z_only",
    "hp1_scale": 1.0,
    "hp2_init": 2.5083939944120184,
    "opt_weights": [
      1.0,
      1.0,
      0.0
    ],
    "seed_z": 1234,
    "seed_hp": 1234
  }
}