{
  "system": "unforced_poc",
  "num_total_trajectories": 170,
  "num_train_trajectories": 150,
  "num_test_trajectories": 20,
  "nlpd_first_kept_step": 2,
  "nlpd_last_kept_step": 97,
  "nlpd_num_time_steps_used": 96,
  "computation_time_seconds": 3203.05441890005,
  "final_train_cost": 87.04312896728516,
  "train_nrmse": {
    "mean": 0.12248612940311432,
    "median": 0.09275104850530624
  },
  "test_nrmse": {
    "mean": 0.1555359810590744,
    "median": 0.08987046778202057
  },
  "train_nlpd": {
    "mean": 2.772270441055298,
    "median": 2.925628662109375
  },
  "test_nlpd": {
    "mean": 2.5990865230560303,
    "median": 2.639455795288086
  },
  "files": {
    "text_summary": "Figures\\numtraj_sweep_20260406_080202\\numtrain_0150.txt",
    "json_summary": "Figures\\numtraj_sweep_20260406_080202\\numtrain_0150.json"
  },
  "config": {
    "lifting_order": 35,
    "max_iter": 2500,
    "learn_rate": 0.001,
    "device": "cuda:0",
    "train_method": "Horizon",
    "routine": "Z_only",
    "hp1_scale": 1.0,
    "hp2_init": 2.535373291880637,
    "opt_weights": [
      1.0,
      1.0,
      0.0
    ],
    "seed_z": 1234,
    "seed_hp": 1234
  }
}