{
  "system": "unforced_poc",
  "num_total_trajectories": 40,
  "num_train_trajectories": 20,
  "num_test_trajectories": 20,
  "nlpd_first_kept_step": 2,
  "nlpd_last_kept_step": 97,
  "nlpd_num_time_steps_used": 96,
  "computation_time_seconds": 566.3431683999952,
  "final_train_cost": 118.54634094238281,
  "train_nrmse": {
    "mean": 0.12057069689035416,
    "median": 0.08130442351102829
  },
  "test_nrmse": {
    "mean": 0.22555892169475555,
    "median": 0.1806502789258957
  },
  "train_nlpd": {
    "mean": 1.8842144012451172,
    "median": -0.6679176688194275
  },
  "test_nlpd": {
    "mean": 9.642854690551758,
    "median": 1.6773463487625122
  },
  "files": {
    "text_summary": "Figures\\numtraj_sweep_20260406_080202\\numtrain_0020.txt",
    "json_summary": "Figures\\numtraj_sweep_20260406_080202\\numtrain_0020.json"
  },
  "config": {
    "lifting_order": 35,
    "max_iter": 2500,
    "learn_rate": 0.001,
    "device": "cuda:0",
    "train_method": "Horizon",
    "routine": "Z_only",
    "hp1_scale": 1.0,
    "hp2_init": 2.558021068572998,
    "opt_weights": [
      1.0,
      1.0,
      0.0
    ],
    "seed_z": 1234,
    "seed_hp": 1234
  }
}