{
  "best_iter": 4900,
  "created_at": "2026-06-01T13:46:25",
  "device": "cuda:0",
  "full_cost_eval_every": 50,
  "hp2_scale": 2.6093437671661377,
  "hp_seed": 10,
  "iters": 4900,
  "learn_rate": 0.002,
  "lifting_order": 35,
  "max_iter": 100000,
  "momentum": 0.75,
  "n_steps": 100,
  "n_test": 40,
  "n_train": 60,
  "noise_intensity": 0.0,
  "noise_seed": 100,
  "noise_type": "gaussian",
  "num_traj": 100,
  "opt_time": 33.93000699998811,
  "post_mle_cost": 0.017070718109607697,
  "pre_mle_cost": 0.13961632549762726,
  "result_file": "C:\\Users\\abhig\\CODEBOX\\KoopmanGPO\\Figures\\SeedSensitivity\\Cart_data_20260601\\seed_z-137_seed_hp-10.json",
  "routine": "standard",
  "seed_hp": 10,
  "seed_z": 137,
  "status": "ok",
  "stop_tol": 0.001,
  "system_name": "Cart_data",
  "test_frac": 0.4,
  "test_nlpd": 0.08144363015890121,
  "test_nrmse": 8.419688045978546,
  "train_frac": 0.6,
  "train_nlpd": -0.0017676472198218107,
  "train_nrmse": 7.524061948060989,
  "traj_batch_label": "15",
  "traj_batch_size": 15,
  "ts": 0.02,
  "z_seed": 137
}
