{
  "best_iter": 1750,
  "created_at": "2026-06-01T13:29:07",
  "device": "cuda:0",
  "full_cost_eval_every": 50,
  "hp2_scale": 2.6093437671661377,
  "hp_seed": 182,
  "iters": 1750,
  "learn_rate": 0.002,
  "lifting_order": 35,
  "max_iter": 100000,
  "momentum": 0.75,
  "n_steps": 100,
  "n_test": 40,
  "n_train": 60,
  "noise_intensity": 0.0,
  "noise_seed": 100,
  "noise_type": "gaussian",
  "num_traj": 100,
  "opt_time": 23.008954000019003,
  "post_mle_cost": 0.02094613015651703,
  "pre_mle_cost": 0.9651771187782288,
  "result_file": "C:\\Users\\abhig\\CODEBOX\\KoopmanGPO\\Figures\\SeedSensitivity\\Cart_data_20260601\\seed_z-46_seed_hp-182.json",
  "routine": "standard",
  "seed_hp": 182,
  "seed_z": 46,
  "status": "ok",
  "stop_tol": 0.001,
  "system_name": "Cart_data",
  "test_frac": 0.4,
  "test_nlpd": -3.507112503051758,
  "test_nrmse": 2.9594745486974716,
  "train_frac": 0.6,
  "train_nlpd": -2.762767791748047,
  "train_nrmse": 3.3164504915475845,
  "traj_batch_label": "15",
  "traj_batch_size": 15,
  "ts": 0.02,
  "z_seed": 46
}
