{
  "best_iter": 1050,
  "created_at": "2026-06-01T14:42:18",
  "device": "cuda:0",
  "full_cost_eval_every": 50,
  "hp2_scale": 2.6093437671661377,
  "hp_seed": 363,
  "iters": 1050,
  "learn_rate": 0.002,
  "lifting_order": 35,
  "max_iter": 100000,
  "momentum": 0.75,
  "n_steps": 100,
  "n_test": 40,
  "n_train": 60,
  "noise_intensity": 0.0,
  "noise_seed": 100,
  "noise_type": "gaussian",
  "num_traj": 100,
  "opt_time": 28.1675235000439,
  "post_mle_cost": 0.011141660623252392,
  "pre_mle_cost": 0.030945206061005592,
  "result_file": "C:\\Users\\abhig\\CODEBOX\\KoopmanGPO\\Figures\\SeedSensitivity\\Cart_data_20260601\\seed_z-363_seed_hp-363.json",
  "routine": "standard",
  "seed_hp": 363,
  "seed_z": 363,
  "status": "ok",
  "stop_tol": 0.001,
  "system_name": "Cart_data",
  "test_frac": 0.4,
  "test_nlpd": -4.007927894592285,
  "test_nrmse": 2.1970514208078384,
  "train_frac": 0.6,
  "train_nlpd": -3.711111307144165,
  "train_nrmse": 2.5697721168398857,
  "traj_batch_label": "15",
  "traj_batch_size": 15,
  "ts": 0.02,
  "z_seed": 363
}
