{
  "best_iter": 9000,
  "created_at": "2026-06-01T13:13:25",
  "device": "cuda:0",
  "full_cost_eval_every": 50,
  "hp2_scale": 2.6093437671661377,
  "hp_seed": 454,
  "iters": 9000,
  "learn_rate": 0.002,
  "lifting_order": 35,
  "max_iter": 100000,
  "momentum": 0.75,
  "n_steps": 100,
  "n_test": 40,
  "n_train": 60,
  "noise_intensity": 0.0,
  "noise_seed": 100,
  "noise_type": "gaussian",
  "num_traj": 100,
  "opt_time": 46.90060529997572,
  "post_mle_cost": 0.012196415103971958,
  "pre_mle_cost": 0.1155257448554039,
  "result_file": "C:\\Users\\abhig\\CODEBOX\\KoopmanGPO\\Figures\\SeedSensitivity\\Cart_data_20260601\\seed_z-1_seed_hp-454.json",
  "routine": "standard",
  "seed_hp": 454,
  "seed_z": 1,
  "status": "ok",
  "stop_tol": 0.001,
  "system_name": "Cart_data",
  "test_frac": 0.4,
  "test_nlpd": -3.0463974475860596,
  "test_nrmse": 7.350701838731766,
  "train_frac": 0.6,
  "train_nlpd": -2.8060171604156494,
  "train_nrmse": 6.616844981908798,
  "traj_batch_label": "15",
  "traj_batch_size": 15,
  "ts": 0.02,
  "z_seed": 1
}
