{
  "best_iter": 1550,
  "created_at": "2026-06-01T13:37:37",
  "device": "cuda:0",
  "full_cost_eval_every": 50,
  "hp2_scale": 2.6093437671661377,
  "hp_seed": 91,
  "iters": 1550,
  "learn_rate": 0.002,
  "lifting_order": 35,
  "max_iter": 100000,
  "momentum": 0.75,
  "n_steps": 100,
  "n_test": 40,
  "n_train": 60,
  "noise_intensity": 0.0,
  "noise_seed": 100,
  "noise_type": "gaussian",
  "num_traj": 100,
  "opt_time": 24.393577899958473,
  "post_mle_cost": 0.03337515518069267,
  "pre_mle_cost": 0.0757170170545578,
  "result_file": "C:\\Users\\abhig\\CODEBOX\\KoopmanGPO\\Figures\\SeedSensitivity\\Cart_data_20260601\\seed_z-91_seed_hp-91.json",
  "routine": "standard",
  "seed_hp": 91,
  "seed_z": 91,
  "status": "ok",
  "stop_tol": 0.001,
  "system_name": "Cart_data",
  "test_frac": 0.4,
  "test_nlpd": -0.08152151107788086,
  "test_nrmse": 9.344983845949173,
  "train_frac": 0.6,
  "train_nlpd": -0.002973743248730898,
  "train_nrmse": 8.045077323913574,
  "traj_batch_label": "15",
  "traj_batch_size": 15,
  "ts": 0.02,
  "z_seed": 91
}
