{
  "best_iter": 1750,
  "created_at": "2026-06-01T13:18:12",
  "device": "cuda:0",
  "full_cost_eval_every": 50,
  "hp2_scale": 2.6093437671661377,
  "hp_seed": 137,
  "iters": 1750,
  "learn_rate": 0.002,
  "lifting_order": 35,
  "max_iter": 100000,
  "momentum": 0.75,
  "n_steps": 100,
  "n_test": 40,
  "n_train": 60,
  "noise_intensity": 0.0,
  "noise_seed": 100,
  "noise_type": "gaussian",
  "num_traj": 100,
  "opt_time": 26.98949150001863,
  "post_mle_cost": 0.018266884610056877,
  "pre_mle_cost": 0.10759715735912323,
  "result_file": "C:\\Users\\abhig\\CODEBOX\\KoopmanGPO\\Figures\\SeedSensitivity\\Cart_data_20260601\\seed_z-10_seed_hp-137.json",
  "routine": "standard",
  "seed_hp": 137,
  "seed_z": 10,
  "status": "ok",
  "stop_tol": 0.001,
  "system_name": "Cart_data",
  "test_frac": 0.4,
  "test_nlpd": -0.8156053423881531,
  "test_nrmse": 6.118404865264893,
  "train_frac": 0.6,
  "train_nlpd": -0.8483893871307373,
  "train_nrmse": 6.000366061925888,
  "traj_batch_label": "15",
  "traj_batch_size": 15,
  "ts": 0.02,
  "z_seed": 10
}
