{
  "best_iter": 5200,
  "created_at": "2026-06-01T15:00:45",
  "device": "cuda:0",
  "full_cost_eval_every": 50,
  "hp2_scale": 2.6093437671661377,
  "hp_seed": 227,
  "iters": 5200,
  "learn_rate": 0.002,
  "lifting_order": 35,
  "max_iter": 100000,
  "momentum": 0.75,
  "n_steps": 100,
  "n_test": 40,
  "n_train": 60,
  "noise_intensity": 0.0,
  "noise_seed": 100,
  "noise_type": "gaussian",
  "num_traj": 100,
  "opt_time": 38.517978099989705,
  "post_mle_cost": 0.04143514111638069,
  "pre_mle_cost": 0.06597976386547089,
  "result_file": "C:\\Users\\abhig\\CODEBOX\\KoopmanGPO\\Figures\\SeedSensitivity\\Cart_data_20260601\\seed_z-454_seed_hp-227.json",
  "routine": "standard",
  "seed_hp": 227,
  "seed_z": 454,
  "status": "ok",
  "stop_tol": 0.001,
  "system_name": "Cart_data",
  "test_frac": 0.4,
  "test_nlpd": -0.5333341956138611,
  "test_nrmse": 4.983260482549667,
  "train_frac": 0.6,
  "train_nlpd": -0.11309269815683365,
  "train_nrmse": 5.287674814462662,
  "traj_batch_label": "15",
  "traj_batch_size": 15,
  "ts": 0.02,
  "z_seed": 454
}
