{
  "best_iter": 9850,
  "created_at": "2026-06-01T14:03:44",
  "device": "cuda:0",
  "full_cost_eval_every": 50,
  "hp2_scale": 2.6093437671661377,
  "hp_seed": 454,
  "iters": 9850,
  "learn_rate": 0.002,
  "lifting_order": 35,
  "max_iter": 100000,
  "momentum": 0.75,
  "n_steps": 100,
  "n_test": 40,
  "n_train": 60,
  "noise_intensity": 0.0,
  "noise_seed": 100,
  "noise_type": "gaussian",
  "num_traj": 100,
  "opt_time": 48.5055427000043,
  "post_mle_cost": 0.013781537301838398,
  "pre_mle_cost": 0.11343226581811905,
  "result_file": "C:\\Users\\abhig\\CODEBOX\\KoopmanGPO\\Figures\\SeedSensitivity\\Cart_data_20260601\\seed_z-182_seed_hp-454.json",
  "routine": "standard",
  "seed_hp": 454,
  "seed_z": 182,
  "status": "ok",
  "stop_tol": 0.001,
  "system_name": "Cart_data",
  "test_frac": 0.4,
  "test_nlpd": -1.5985530614852905,
  "test_nrmse": 8.656848967075348,
  "train_frac": 0.6,
  "train_nlpd": -1.5729739665985107,
  "train_nrmse": 8.351924270391464,
  "traj_batch_label": "15",
  "traj_batch_size": 15,
  "ts": 0.02,
  "z_seed": 182
}
