{
  "best_iter": 6000,
  "created_at": "2026-06-01T15:11:33",
  "device": "cuda:0",
  "full_cost_eval_every": 50,
  "hp2_scale": 2.6093437671661377,
  "hp_seed": 227,
  "iters": 6000,
  "learn_rate": 0.002,
  "lifting_order": 35,
  "max_iter": 100000,
  "momentum": 0.75,
  "n_steps": 100,
  "n_test": 40,
  "n_train": 60,
  "noise_intensity": 0.0,
  "noise_seed": 100,
  "noise_type": "gaussian",
  "num_traj": 100,
  "opt_time": 52.84502730000531,
  "post_mle_cost": 0.019247937947511673,
  "pre_mle_cost": 0.06456306576728821,
  "result_file": "C:\\Users\\abhig\\CODEBOX\\KoopmanGPO\\Figures\\SeedSensitivity\\Cart_data_20260601\\seed_z-500_seed_hp-227.json",
  "routine": "standard",
  "seed_hp": 227,
  "seed_z": 500,
  "status": "ok",
  "stop_tol": 0.001,
  "system_name": "Cart_data",
  "test_frac": 0.4,
  "test_nlpd": -1.414514183998108,
  "test_nrmse": 3.942631185054779,
  "train_frac": 0.6,
  "train_nlpd": -1.4089456796646118,
  "train_nrmse": 4.3643612414598465,
  "traj_batch_label": "15",
  "traj_batch_size": 15,
  "ts": 0.02,
  "z_seed": 500
}
