{
  "best_iter": 3500,
  "created_at": "2026-06-01T14:24:48",
  "device": "cuda:0",
  "full_cost_eval_every": 50,
  "hp2_scale": 2.6093437671661377,
  "hp_seed": 500,
  "iters": 3500,
  "learn_rate": 0.002,
  "lifting_order": 35,
  "max_iter": 100000,
  "momentum": 0.75,
  "n_steps": 100,
  "n_test": 40,
  "n_train": 60,
  "noise_intensity": 0.0,
  "noise_seed": 100,
  "noise_type": "gaussian",
  "num_traj": 100,
  "opt_time": 31.052787100023124,
  "post_mle_cost": 0.013865465298295021,
  "pre_mle_cost": 0.058241356164216995,
  "result_file": "C:\\Users\\abhig\\CODEBOX\\KoopmanGPO\\Figures\\SeedSensitivity\\Cart_data_20260601\\seed_z-273_seed_hp-500.json",
  "routine": "standard",
  "seed_hp": 500,
  "seed_z": 273,
  "status": "ok",
  "stop_tol": 0.001,
  "system_name": "Cart_data",
  "test_frac": 0.4,
  "test_nlpd": -1.534454107284546,
  "test_nrmse": 2.4473723024129868,
  "train_frac": 0.6,
  "train_nlpd": -1.30398690700531,
  "train_nrmse": 2.7169661596417427,
  "traj_batch_label": "15",
  "traj_batch_size": 15,
  "ts": 0.02,
  "z_seed": 273
}
