{
  "best_iter": 5800,
  "created_at": "2026-06-01T13:39:50",
  "device": "cuda:0",
  "full_cost_eval_every": 50,
  "hp2_scale": 2.6093437671661377,
  "hp_seed": 227,
  "iters": 5800,
  "learn_rate": 0.002,
  "lifting_order": 35,
  "max_iter": 100000,
  "momentum": 0.75,
  "n_steps": 100,
  "n_test": 40,
  "n_train": 60,
  "noise_intensity": 0.0,
  "noise_seed": 100,
  "noise_type": "gaussian",
  "num_traj": 100,
  "opt_time": 35.97516180004459,
  "post_mle_cost": 0.016075897961854935,
  "pre_mle_cost": 0.06560791283845901,
  "result_file": "C:\\Users\\abhig\\CODEBOX\\KoopmanGPO\\Figures\\SeedSensitivity\\Cart_data_20260601\\seed_z-91_seed_hp-227.json",
  "routine": "standard",
  "seed_hp": 227,
  "seed_z": 91,
  "status": "ok",
  "stop_tol": 0.001,
  "system_name": "Cart_data",
  "test_frac": 0.4,
  "test_nlpd": -0.7940287590026855,
  "test_nrmse": 6.36894553899765,
  "train_frac": 0.6,
  "train_nlpd": -0.4513486325740814,
  "train_nrmse": 5.938670784235001,
  "traj_batch_label": "15",
  "traj_batch_size": 15,
  "ts": 0.02,
  "z_seed": 91
}
