{
  "best_iter": 2750,
  "created_at": "2026-06-01T13:24:24",
  "device": "cuda:0",
  "full_cost_eval_every": 50,
  "hp2_scale": 2.6093437671661377,
  "hp_seed": 500,
  "iters": 2750,
  "learn_rate": 0.002,
  "lifting_order": 35,
  "max_iter": 100000,
  "momentum": 0.75,
  "n_steps": 100,
  "n_test": 40,
  "n_train": 60,
  "noise_intensity": 0.0,
  "noise_seed": 100,
  "noise_type": "gaussian",
  "num_traj": 100,
  "opt_time": 30.18692760000704,
  "post_mle_cost": 0.018019553273916245,
  "pre_mle_cost": 0.05908149853348732,
  "result_file": "C:\\Users\\abhig\\CODEBOX\\KoopmanGPO\\Figures\\SeedSensitivity\\Cart_data_20260601\\seed_z-10_seed_hp-500.json",
  "routine": "standard",
  "seed_hp": 500,
  "seed_z": 10,
  "status": "ok",
  "stop_tol": 0.001,
  "system_name": "Cart_data",
  "test_frac": 0.4,
  "test_nlpd": -0.3515012860298157,
  "test_nrmse": 2.7129173278808594,
  "train_frac": 0.6,
  "train_nlpd": 2.730891227722168,
  "train_nrmse": 2.9307611286640167,
  "traj_batch_label": "15",
  "traj_batch_size": 15,
  "ts": 0.02,
  "z_seed": 10
}
