{
  "best_iter": 1050,
  "created_at": "2026-06-01T15:02:49",
  "device": "cuda:0",
  "full_cost_eval_every": 50,
  "hp2_scale": 2.6093437671661377,
  "hp_seed": 363,
  "iters": 1050,
  "learn_rate": 0.002,
  "lifting_order": 35,
  "max_iter": 100000,
  "momentum": 0.75,
  "n_steps": 100,
  "n_test": 40,
  "n_train": 60,
  "noise_intensity": 0.0,
  "noise_seed": 100,
  "noise_type": "gaussian",
  "num_traj": 100,
  "opt_time": 27.597970700007863,
  "post_mle_cost": 0.013968562707304955,
  "pre_mle_cost": 0.030730092898011208,
  "result_file": "C:\\Users\\abhig\\CODEBOX\\KoopmanGPO\\Figures\\SeedSensitivity\\Cart_data_20260601\\seed_z-454_seed_hp-363.json",
  "routine": "standard",
  "seed_hp": 363,
  "seed_z": 454,
  "status": "ok",
  "stop_tol": 0.001,
  "system_name": "Cart_data",
  "test_frac": 0.4,
  "test_nlpd": -2.0497376918792725,
  "test_nrmse": 2.2392448037862778,
  "train_frac": 0.6,
  "train_nlpd": -1.8161367177963257,
  "train_nrmse": 2.7211368083953857,
  "traj_batch_label": "15",
  "traj_batch_size": 15,
  "ts": 0.02,
  "z_seed": 454
}
