{
  "best_iter": 1650,
  "created_at": "2026-06-01T14:59:13",
  "device": "cuda:0",
  "full_cost_eval_every": 50,
  "hp2_scale": 2.6093437671661377,
  "hp_seed": 137,
  "iters": 1650,
  "learn_rate": 0.002,
  "lifting_order": 35,
  "max_iter": 100000,
  "momentum": 0.75,
  "n_steps": 100,
  "n_test": 40,
  "n_train": 60,
  "noise_intensity": 0.0,
  "noise_seed": 100,
  "noise_type": "gaussian",
  "num_traj": 100,
  "opt_time": 26.741297300031874,
  "post_mle_cost": 0.02984147146344185,
  "pre_mle_cost": 0.10786426812410355,
  "result_file": "C:\\Users\\abhig\\CODEBOX\\KoopmanGPO\\Figures\\SeedSensitivity\\Cart_data_20260601\\seed_z-454_seed_hp-137.json",
  "routine": "standard",
  "seed_hp": 137,
  "seed_z": 454,
  "status": "ok",
  "stop_tol": 0.001,
  "system_name": "Cart_data",
  "test_frac": 0.4,
  "test_nlpd": 1.6690855026245117,
  "test_nrmse": 7.265028357505798,
  "train_frac": 0.6,
  "train_nlpd": 1.6849464178085327,
  "train_nrmse": 6.760796904563904,
  "traj_batch_label": "15",
  "traj_batch_size": 15,
  "ts": 0.02,
  "z_seed": 454
}
