{
  "best_iter": 1700,
  "created_at": "2026-06-01T13:57:17",
  "device": "cuda:0",
  "full_cost_eval_every": 50,
  "hp2_scale": 2.6093437671661377,
  "hp_seed": 46,
  "iters": 1700,
  "learn_rate": 0.002,
  "lifting_order": 35,
  "max_iter": 100000,
  "momentum": 0.75,
  "n_steps": 100,
  "n_test": 40,
  "n_train": 60,
  "noise_intensity": 0.0,
  "noise_seed": 100,
  "noise_type": "gaussian",
  "num_traj": 100,
  "opt_time": 25.22286979999626,
  "post_mle_cost": 0.07265299558639526,
  "pre_mle_cost": 0.06653975695371628,
  "result_file": "C:\\Users\\abhig\\CODEBOX\\KoopmanGPO\\Figures\\SeedSensitivity\\Cart_data_20260601\\seed_z-182_seed_hp-46.json",
  "routine": "standard",
  "seed_hp": 46,
  "seed_z": 182,
  "status": "ok",
  "stop_tol": 0.001,
  "system_name": "Cart_data",
  "test_frac": 0.4,
  "test_nlpd": -2.579270362854004,
  "test_nrmse": 2.945561334490776,
  "train_frac": 0.6,
  "train_nlpd": -1.9836879968643188,
  "train_nrmse": 3.2727614045143127,
  "traj_batch_label": "15",
  "traj_batch_size": 15,
  "ts": 0.02,
  "z_seed": 182
}
