{
  "best_iter": 5850,
  "created_at": "2026-06-01T13:29:52",
  "device": "cuda:0",
  "full_cost_eval_every": 50,
  "hp2_scale": 2.6093437671661377,
  "hp_seed": 227,
  "iters": 5850,
  "learn_rate": 0.002,
  "lifting_order": 35,
  "max_iter": 100000,
  "momentum": 0.75,
  "n_steps": 100,
  "n_test": 40,
  "n_train": 60,
  "noise_intensity": 0.0,
  "noise_seed": 100,
  "noise_type": "gaussian",
  "num_traj": 100,
  "opt_time": 36.0172317000106,
  "post_mle_cost": 0.018552539870142937,
  "pre_mle_cost": 0.06491371989250183,
  "result_file": "C:\\Users\\abhig\\CODEBOX\\KoopmanGPO\\Figures\\SeedSensitivity\\Cart_data_20260601\\seed_z-46_seed_hp-227.json",
  "routine": "standard",
  "seed_hp": 227,
  "seed_z": 46,
  "status": "ok",
  "stop_tol": 0.001,
  "system_name": "Cart_data",
  "test_frac": 0.4,
  "test_nlpd": -1.4161462783813477,
  "test_nrmse": 5.618252605199814,
  "train_frac": 0.6,
  "train_nlpd": -1.0564576387405396,
  "train_nrmse": 5.4756831377744675,
  "traj_batch_label": "15",
  "traj_batch_size": 15,
  "ts": 0.02,
  "z_seed": 46
}
