{
  "best_iter": 5850,
  "created_at": "2026-06-01T14:20:15",
  "device": "cuda:0",
  "full_cost_eval_every": 50,
  "hp2_scale": 2.6093437671661377,
  "hp_seed": 227,
  "iters": 5850,
  "learn_rate": 0.002,
  "lifting_order": 35,
  "max_iter": 100000,
  "momentum": 0.75,
  "n_steps": 100,
  "n_test": 40,
  "n_train": 60,
  "noise_intensity": 0.0,
  "noise_seed": 100,
  "noise_type": "gaussian",
  "num_traj": 100,
  "opt_time": 36.93764919997193,
  "post_mle_cost": 0.02872929908335209,
  "pre_mle_cost": 0.06453657895326614,
  "result_file": "C:\\Users\\abhig\\CODEBOX\\KoopmanGPO\\Figures\\SeedSensitivity\\Cart_data_20260601\\seed_z-273_seed_hp-227.json",
  "routine": "standard",
  "seed_hp": 227,
  "seed_z": 273,
  "status": "ok",
  "stop_tol": 0.001,
  "system_name": "Cart_data",
  "test_frac": 0.4,
  "test_nlpd": 0.22291894257068634,
  "test_nrmse": 8.518187701702118,
  "train_frac": 0.6,
  "train_nlpd": 0.19646134972572327,
  "train_nrmse": 7.967885583639145,
  "traj_batch_label": "15",
  "traj_batch_size": 15,
  "ts": 0.02,
  "z_seed": 273
}
