{
  "best_iter": 1550,
  "created_at": "2026-06-01T15:19:14",
  "device": "cuda:0",
  "full_cost_eval_every": 50,
  "hp2_scale": 2.6093437671661377,
  "hp_seed": 91,
  "iters": 1550,
  "learn_rate": 0.002,
  "lifting_order": 35,
  "max_iter": 100000,
  "momentum": 0.75,
  "n_steps": 100,
  "n_test": 40,
  "n_train": 60,
  "noise_intensity": 0.0,
  "noise_seed": 100,
  "noise_type": "gaussian",
  "num_traj": 100,
  "opt_time": 22.62990349996835,
  "post_mle_cost": 0.013445098884403706,
  "pre_mle_cost": 0.0757170170545578,
  "result_file": "C:\\Users\\abhig\\CODEBOX\\KoopmanGPO\\Figures\\SeedSensitivity\\Cart_data_20260601\\seed_z-1234_seed_hp-91.json",
  "routine": "standard",
  "seed_hp": 91,
  "seed_z": 1234,
  "status": "ok",
  "stop_tol": 0.001,
  "system_name": "Cart_data",
  "test_frac": 0.4,
  "test_nlpd": 0.7805467247962952,
  "test_nrmse": 11.360947787761688,
  "train_frac": 0.6,
  "train_nlpd": 0.8204656839370728,
  "train_nrmse": 9.831979125738144,
  "traj_batch_label": "15",
  "traj_batch_size": 15,
  "ts": 0.02,
  "z_seed": 1234
}
