{
  "created_at": "2026-06-01T15:27:07",
  "num_failed_runs": 0,
  "num_successful_runs": 196,
  "statistics": {
    "post_mle_cost": {
      "max": 0.4687921702861786,
      "mean": 0.027525919014397934,
      "min": 0.010742753744125366,
      "std": 0.047691378460634565
    },
    "pre_mle_cost": {
      "max": 0.9652215242385864,
      "mean": 0.12653677535186314,
      "min": 0.025036171078681946,
      "std": 0.2208986763513737
    },
    "test_nlpd": {
      "max": 3.14164400100708,
      "mean": -0.8646703819573229,
      "min": -4.007927894592285,
      "std": 1.2870502705557425
    },
    "test_nrmse": {
      "max": 16.950951516628265,
      "mean": 5.4765161022315825,
      "min": 2.1970514208078384,
      "std": 2.709907450899641
    },
    "train_nlpd": {
      "max": 3.3344247341156006,
      "mean": -0.6950572441457961,
      "min": -3.711111307144165,
      "std": 1.2948983709898436
    },
    "train_nrmse": {
      "max": 17.639251053333282,
      "mean": 5.639414434150165,
      "min": 2.5441356003284454,
      "std": 2.5978379593191936
    }
  }
}
