{
  "best_iter": 10600,
  "created_at": "2026-06-01T15:23:26",
  "device": "cuda:0",
  "full_cost_eval_every": 50,
  "hp2_scale": 2.6093437671661377,
  "hp_seed": 318,
  "iters": 10600,
  "learn_rate": 0.002,
  "lifting_order": 35,
  "max_iter": 100000,
  "momentum": 0.75,
  "n_steps": 100,
  "n_test": 40,
  "n_train": 60,
  "noise_intensity": 0.0,
  "noise_seed": 100,
  "noise_type": "gaussian",
  "num_traj": 100,
  "opt_time": 50.84363730001496,
  "post_mle_cost": 0.01419738121330738,
  "pre_mle_cost": 0.06267909705638885,
  "result_file": "C:\\Users\\abhig\\CODEBOX\\KoopmanGPO\\Figures\\SeedSensitivity\\Cart_data_20260601\\seed_z-1234_seed_hp-318.json",
  "routine": "standard",
  "seed_hp": 318,
  "seed_z": 1234,
  "status": "ok",
  "stop_tol": 0.001,
  "system_name": "Cart_data",
  "test_frac": 0.4,
  "test_nlpd": -1.3272892236709595,
  "test_nrmse": 7.954786717891693,
  "train_frac": 0.6,
  "train_nlpd": -1.0702812671661377,
  "train_nrmse": 8.213307708501816,
  "traj_batch_label": "15",
  "traj_batch_size": 15,
  "ts": 0.02,
  "z_seed": 1234
}
