{
  "best_iter": 1050,
  "created_at": "2026-06-01T14:17:24",
  "device": "cuda:0",
  "full_cost_eval_every": 50,
  "hp2_scale": 2.6093437671661377,
  "hp_seed": 46,
  "iters": 1050,
  "learn_rate": 0.002,
  "lifting_order": 35,
  "max_iter": 100000,
  "momentum": 0.75,
  "n_steps": 100,
  "n_test": 40,
  "n_train": 60,
  "noise_intensity": 0.0,
  "noise_seed": 100,
  "noise_type": "gaussian",
  "num_traj": 100,
  "opt_time": 23.46402399998624,
  "post_mle_cost": 0.03172348067164421,
  "pre_mle_cost": 0.0652155876159668,
  "result_file": "C:\\Users\\abhig\\CODEBOX\\KoopmanGPO\\Figures\\SeedSensitivity\\Cart_data_20260601\\seed_z-273_seed_hp-46.json",
  "routine": "standard",
  "seed_hp": 46,
  "seed_z": 273,
  "status": "ok",
  "stop_tol": 0.001,
  "system_name": "Cart_data",
  "test_frac": 0.4,
  "test_nlpd": -0.6904776692390442,
  "test_nrmse": 5.793573707342148,
  "train_frac": 0.6,
  "train_nlpd": -0.5611896514892578,
  "train_nrmse": 5.083795264363289,
  "traj_batch_label": "15",
  "traj_batch_size": 15,
  "ts": 0.02,
  "z_seed": 273
}
