{
  "best_iter": 9350,
  "created_at": "2026-06-01T15:25:25",
  "device": "cuda:0",
  "full_cost_eval_every": 50,
  "hp2_scale": 2.6093437671661377,
  "hp_seed": 454,
  "iters": 9350,
  "learn_rate": 0.002,
  "lifting_order": 35,
  "max_iter": 100000,
  "momentum": 0.75,
  "n_steps": 100,
  "n_test": 40,
  "n_train": 60,
  "noise_intensity": 0.0,
  "noise_seed": 100,
  "noise_type": "gaussian",
  "num_traj": 100,
  "opt_time": 49.42701430001762,
  "post_mle_cost": 0.013533377088606358,
  "pre_mle_cost": 0.11416427791118622,
  "result_file": "C:\\Users\\abhig\\CODEBOX\\KoopmanGPO\\Figures\\SeedSensitivity\\Cart_data_20260601\\seed_z-1234_seed_hp-454.json",
  "routine": "standard",
  "seed_hp": 454,
  "seed_z": 1234,
  "status": "ok",
  "stop_tol": 0.001,
  "system_name": "Cart_data",
  "test_frac": 0.4,
  "test_nlpd": -2.056415319442749,
  "test_nrmse": 7.0300377905368805,
  "train_frac": 0.6,
  "train_nlpd": -1.9806193113327026,
  "train_nrmse": 6.766815483570099,
  "traj_batch_label": "15",
  "traj_batch_size": 15,
  "ts": 0.02,
  "z_seed": 1234
}
