{
  "best_iter": 1050,
  "created_at": "2026-06-01T14:03:11",
  "device": "cuda:0",
  "full_cost_eval_every": 50,
  "hp2_scale": 2.6093437671661377,
  "hp_seed": 409,
  "iters": 1050,
  "learn_rate": 0.002,
  "lifting_order": 35,
  "max_iter": 100000,
  "momentum": 0.75,
  "n_steps": 100,
  "n_test": 40,
  "n_train": 60,
  "noise_intensity": 0.0,
  "noise_seed": 100,
  "noise_type": "gaussian",
  "num_traj": 100,
  "opt_time": 23.933988799981307,
  "post_mle_cost": 0.01492594089359045,
  "pre_mle_cost": 0.04451300948858261,
  "result_file": "C:\\Users\\abhig\\CODEBOX\\KoopmanGPO\\Figures\\SeedSensitivity\\Cart_data_20260601\\seed_z-182_seed_hp-409.json",
  "routine": "standard",
  "seed_hp": 409,
  "seed_z": 182,
  "status": "ok",
  "stop_tol": 0.001,
  "system_name": "Cart_data",
  "test_frac": 0.4,
  "test_nlpd": -0.49335137009620667,
  "test_nrmse": 6.064339354634285,
  "train_frac": 0.6,
  "train_nlpd": -0.22303247451782227,
  "train_nrmse": 6.35552853345871,
  "traj_batch_label": "15",
  "traj_batch_size": 15,
  "ts": 0.02,
  "z_seed": 182
}
