{
  "best_iter": 6800,
  "created_at": "2026-06-01T14:09:24",
  "device": "cuda:0",
  "full_cost_eval_every": 50,
  "hp2_scale": 2.6093437671661377,
  "hp_seed": 182,
  "iters": 6800,
  "learn_rate": 0.002,
  "lifting_order": 35,
  "max_iter": 100000,
  "momentum": 0.75,
  "n_steps": 100,
  "n_test": 40,
  "n_train": 60,
  "noise_intensity": 0.0,
  "noise_seed": 100,
  "noise_type": "gaussian",
  "num_traj": 100,
  "opt_time": 38.43478299997514,
  "post_mle_cost": 0.01763710379600525,
  "pre_mle_cost": 0.836565375328064,
  "result_file": "C:\\Users\\abhig\\CODEBOX\\KoopmanGPO\\Figures\\SeedSensitivity\\Cart_data_20260601\\seed_z-227_seed_hp-182.json",
  "routine": "standard",
  "seed_hp": 182,
  "seed_z": 227,
  "status": "ok",
  "stop_tol": 0.001,
  "system_name": "Cart_data",
  "test_frac": 0.4,
  "test_nlpd": 0.03334791585803032,
  "test_nrmse": 4.424659907817841,
  "train_frac": 0.6,
  "train_nlpd": -0.5599820613861084,
  "train_nrmse": 4.721817001700401,
  "traj_batch_label": "15",
  "traj_batch_size": 15,
  "ts": 0.02,
  "z_seed": 227
}
