{
  "best_iter": 1050,
  "created_at": "2026-06-01T13:45:49",
  "device": "cuda:0",
  "full_cost_eval_every": 50,
  "hp2_scale": 2.6093437671661377,
  "hp_seed": 1,
  "iters": 1050,
  "learn_rate": 0.002,
  "lifting_order": 35,
  "max_iter": 100000,
  "momentum": 0.75,
  "n_steps": 100,
  "n_test": 40,
  "n_train": 60,
  "noise_intensity": 0.0,
  "noise_seed": 100,
  "noise_type": "gaussian",
  "num_traj": 100,
  "opt_time": 24.547429300029762,
  "post_mle_cost": 0.03451612591743469,
  "pre_mle_cost": 0.031654391437768936,
  "result_file": "C:\\Users\\abhig\\CODEBOX\\KoopmanGPO\\Figures\\SeedSensitivity\\Cart_data_20260601\\seed_z-137_seed_hp-1.json",
  "routine": "standard",
  "seed_hp": 1,
  "seed_z": 137,
  "status": "ok",
  "stop_tol": 0.001,
  "system_name": "Cart_data",
  "test_frac": 0.4,
  "test_nlpd": -0.8739584684371948,
  "test_nrmse": 7.233110070228577,
  "train_frac": 0.6,
  "train_nlpd": -0.6925979852676392,
  "train_nrmse": 7.75986909866333,
  "traj_batch_label": "15",
  "traj_batch_size": 15,
  "ts": 0.02,
  "z_seed": 137
}
