{
  "best_iter": 9600,
  "created_at": "2026-06-01T13:43:35",
  "device": "cuda:0",
  "full_cost_eval_every": 50,
  "hp2_scale": 2.6093437671661377,
  "hp_seed": 454,
  "iters": 9600,
  "learn_rate": 0.002,
  "lifting_order": 35,
  "max_iter": 100000,
  "momentum": 0.75,
  "n_steps": 100,
  "n_test": 40,
  "n_train": 60,
  "noise_intensity": 0.0,
  "noise_seed": 100,
  "noise_type": "gaussian",
  "num_traj": 100,
  "opt_time": 48.657061799953226,
  "post_mle_cost": 0.013581041246652603,
  "pre_mle_cost": 0.11400056630373001,
  "result_file": "C:\\Users\\abhig\\CODEBOX\\KoopmanGPO\\Figures\\SeedSensitivity\\Cart_data_20260601\\seed_z-91_seed_hp-454.json",
  "routine": "standard",
  "seed_hp": 454,
  "seed_z": 91,
  "status": "ok",
  "stop_tol": 0.001,
  "system_name": "Cart_data",
  "test_frac": 0.4,
  "test_nlpd": -2.4571118354797363,
  "test_nrmse": 7.040712982416153,
  "train_frac": 0.6,
  "train_nlpd": -2.281170129776001,
  "train_nrmse": 7.0697978138923645,
  "traj_batch_label": "15",
  "traj_batch_size": 15,
  "ts": 0.02,
  "z_seed": 91
}
