{
  "best_iter": 1050,
  "created_at": "2026-06-01T15:17:22",
  "device": "cuda:0",
  "full_cost_eval_every": 50,
  "hp2_scale": 2.6093437671661377,
  "hp_seed": 1,
  "iters": 1050,
  "learn_rate": 0.002,
  "lifting_order": 35,
  "max_iter": 100000,
  "momentum": 0.75,
  "n_steps": 100,
  "n_test": 40,
  "n_train": 60,
  "noise_intensity": 0.0,
  "noise_seed": 100,
  "noise_type": "gaussian",
  "num_traj": 100,
  "opt_time": 24.618398700025864,
  "post_mle_cost": 0.014462901279330254,
  "pre_mle_cost": 0.030781693756580353,
  "result_file": "C:\\Users\\abhig\\CODEBOX\\KoopmanGPO\\Figures\\SeedSensitivity\\Cart_data_20260601\\seed_z-1234_seed_hp-1.json",
  "routine": "standard",
  "seed_hp": 1,
  "seed_z": 1234,
  "status": "ok",
  "stop_tol": 0.001,
  "system_name": "Cart_data",
  "test_frac": 0.4,
  "test_nlpd": -0.4336288571357727,
  "test_nrmse": 10.507187992334366,
  "train_frac": 0.6,
  "train_nlpd": -0.9202810525894165,
  "train_nrmse": 10.132589936256409,
  "traj_batch_label": "15",
  "traj_batch_size": 15,
  "ts": 0.02,
  "z_seed": 1234
}
