{
  "best_iter": 12000,
  "created_at": "2026-06-01T15:02:39",
  "device": "cuda:0",
  "full_cost_eval_every": 50,
  "hp2_scale": 2.6093437671661377,
  "hp_seed": 318,
  "iters": 12000,
  "learn_rate": 0.002,
  "lifting_order": 35,
  "max_iter": 100000,
  "momentum": 0.75,
  "n_steps": 100,
  "n_test": 40,
  "n_train": 60,
  "noise_intensity": 0.0,
  "noise_seed": 100,
  "noise_type": "gaussian",
  "num_traj": 100,
  "opt_time": 57.46349150000606,
  "post_mle_cost": 0.015478858724236488,
  "pre_mle_cost": 0.06177306920289993,
  "result_file": "C:\\Users\\abhig\\CODEBOX\\KoopmanGPO\\Figures\\SeedSensitivity\\Cart_data_20260601\\seed_z-454_seed_hp-318.json",
  "routine": "standard",
  "seed_hp": 318,
  "seed_z": 454,
  "status": "ok",
  "stop_tol": 0.001,
  "system_name": "Cart_data",
  "test_frac": 0.4,
  "test_nlpd": -1.0028579235076904,
  "test_nrmse": 8.149933815002441,
  "train_frac": 0.6,
  "train_nlpd": -0.7327897548675537,
  "train_nrmse": 8.41815248131752,
  "traj_batch_label": "15",
  "traj_batch_size": 15,
  "ts": 0.02,
  "z_seed": 454
}
