{
  "best_iter": 1050,
  "created_at": "2026-06-01T13:50:31",
  "device": "cuda:0",
  "full_cost_eval_every": 50,
  "hp2_scale": 2.6093437671661377,
  "hp_seed": 273,
  "iters": 1050,
  "learn_rate": 0.002,
  "lifting_order": 35,
  "max_iter": 100000,
  "momentum": 0.75,
  "n_steps": 100,
  "n_test": 40,
  "n_train": 60,
  "noise_intensity": 0.0,
  "noise_seed": 100,
  "noise_type": "gaussian",
  "num_traj": 100,
  "opt_time": 23.33195980003802,
  "post_mle_cost": 0.018399955704808235,
  "pre_mle_cost": 0.03844620659947395,
  "result_file": "C:\\Users\\abhig\\CODEBOX\\KoopmanGPO\\Figures\\SeedSensitivity\\Cart_data_20260601\\seed_z-137_seed_hp-273.json",
  "routine": "standard",
  "seed_hp": 273,
  "seed_z": 137,
  "status": "ok",
  "stop_tol": 0.001,
  "system_name": "Cart_data",
  "test_frac": 0.4,
  "test_nlpd": 0.8047351837158203,
  "test_nrmse": 4.829608649015427,
  "train_frac": 0.6,
  "train_nlpd": 0.8100733160972595,
  "train_nrmse": 5.541299656033516,
  "traj_batch_label": "15",
  "traj_batch_size": 15,
  "ts": 0.02,
  "z_seed": 137
}
