{
  "best_iter": 1050,
  "created_at": "2026-06-01T14:05:57",
  "device": "cuda:0",
  "full_cost_eval_every": 50,
  "hp2_scale": 2.6093437671661377,
  "hp_seed": 1,
  "iters": 1050,
  "learn_rate": 0.002,
  "lifting_order": 35,
  "max_iter": 100000,
  "momentum": 0.75,
  "n_steps": 100,
  "n_test": 40,
  "n_train": 60,
  "noise_intensity": 0.0,
  "noise_seed": 100,
  "noise_type": "gaussian",
  "num_traj": 100,
  "opt_time": 22.546558299975004,
  "post_mle_cost": 0.010742753744125366,
  "pre_mle_cost": 0.03150608390569687,
  "result_file": "C:\\Users\\abhig\\CODEBOX\\KoopmanGPO\\Figures\\SeedSensitivity\\Cart_data_20260601\\seed_z-227_seed_hp-1.json",
  "routine": "standard",
  "seed_hp": 1,
  "seed_z": 227,
  "status": "ok",
  "stop_tol": 0.001,
  "system_name": "Cart_data",
  "test_frac": 0.4,
  "test_nlpd": -2.3263847827911377,
  "test_nrmse": 3.767220303416252,
  "train_frac": 0.6,
  "train_nlpd": -2.128659725189209,
  "train_nrmse": 4.310397058725357,
  "traj_batch_label": "15",
  "traj_batch_size": 15,
  "ts": 0.02,
  "z_seed": 227
}
