{
  "best_iter": 12450,
  "created_at": "2026-06-01T13:41:40",
  "device": "cuda:0",
  "full_cost_eval_every": 50,
  "hp2_scale": 2.6093437671661377,
  "hp_seed": 318,
  "iters": 12450,
  "learn_rate": 0.002,
  "lifting_order": 35,
  "max_iter": 100000,
  "momentum": 0.75,
  "n_steps": 100,
  "n_test": 40,
  "n_train": 60,
  "noise_intensity": 0.0,
  "noise_seed": 100,
  "noise_type": "gaussian",
  "num_traj": 100,
  "opt_time": 52.92909640003927,
  "post_mle_cost": 0.015769006684422493,
  "pre_mle_cost": 0.06093433126807213,
  "result_file": "C:\\Users\\abhig\\CODEBOX\\KoopmanGPO\\Figures\\SeedSensitivity\\Cart_data_20260601\\seed_z-91_seed_hp-318.json",
  "routine": "standard",
  "seed_hp": 318,
  "seed_z": 91,
  "status": "ok",
  "stop_tol": 0.001,
  "system_name": "Cart_data",
  "test_frac": 0.4,
  "test_nlpd": 1.0812925100326538,
  "test_nrmse": 10.328090190887451,
  "train_frac": 0.6,
  "train_nlpd": 1.2214831113815308,
  "train_nrmse": 9.996355324983597,
  "traj_batch_label": "15",
  "traj_batch_size": 15,
  "ts": 0.02,
  "z_seed": 91
}
