{
  "best_iter": 1650,
  "created_at": "2026-06-01T14:38:46",
  "device": "cuda:0",
  "full_cost_eval_every": 50,
  "hp2_scale": 2.6093437671661377,
  "hp_seed": 137,
  "iters": 1650,
  "learn_rate": 0.002,
  "lifting_order": 35,
  "max_iter": 100000,
  "momentum": 0.75,
  "n_steps": 100,
  "n_test": 40,
  "n_train": 60,
  "noise_intensity": 0.0,
  "noise_seed": 100,
  "noise_type": "gaussian",
  "num_traj": 100,
  "opt_time": 24.58434419997502,
  "post_mle_cost": 0.019376711919903755,
  "pre_mle_cost": 0.10764580965042114,
  "result_file": "C:\\Users\\abhig\\CODEBOX\\KoopmanGPO\\Figures\\SeedSensitivity\\Cart_data_20260601\\seed_z-363_seed_hp-137.json",
  "routine": "standard",
  "seed_hp": 137,
  "seed_z": 363,
  "status": "ok",
  "stop_tol": 0.001,
  "system_name": "Cart_data",
  "test_frac": 0.4,
  "test_nlpd": -0.3071187734603882,
  "test_nrmse": 6.207922101020813,
  "train_frac": 0.6,
  "train_nlpd": -0.1558736264705658,
  "train_nrmse": 6.912443041801453,
  "traj_batch_label": "15",
  "traj_batch_size": 15,
  "ts": 0.02,
  "z_seed": 363
}
