{
  "best_iter": 1550,
  "created_at": "2026-06-01T14:38:05",
  "device": "cuda:0",
  "full_cost_eval_every": 50,
  "hp2_scale": 2.6093437671661377,
  "hp_seed": 91,
  "iters": 1550,
  "learn_rate": 0.002,
  "lifting_order": 35,
  "max_iter": 100000,
  "momentum": 0.75,
  "n_steps": 100,
  "n_test": 40,
  "n_train": 60,
  "noise_intensity": 0.0,
  "noise_seed": 100,
  "noise_type": "gaussian",
  "num_traj": 100,
  "opt_time": 25.6208106999984,
  "post_mle_cost": 0.015575053170323372,
  "pre_mle_cost": 0.0757170245051384,
  "result_file": "C:\\Users\\abhig\\CODEBOX\\KoopmanGPO\\Figures\\SeedSensitivity\\Cart_data_20260601\\seed_z-363_seed_hp-91.json",
  "routine": "standard",
  "seed_hp": 91,
  "seed_z": 363,
  "status": "ok",
  "stop_tol": 0.001,
  "system_name": "Cart_data",
  "test_frac": 0.4,
  "test_nlpd": -1.4392344951629639,
  "test_nrmse": 3.7823162972927094,
  "train_frac": 0.6,
  "train_nlpd": -1.3762925863265991,
  "train_nrmse": 3.697991371154785,
  "traj_batch_label": "15",
  "traj_batch_size": 15,
  "ts": 0.02,
  "z_seed": 363
}
