{
  "best_iter": 1050,
  "created_at": "2026-06-01T14:40:53",
  "device": "cuda:0",
  "full_cost_eval_every": 50,
  "hp2_scale": 2.6093437671661377,
  "hp_seed": 273,
  "iters": 1050,
  "learn_rate": 0.002,
  "lifting_order": 35,
  "max_iter": 100000,
  "momentum": 0.75,
  "n_steps": 100,
  "n_test": 40,
  "n_train": 60,
  "noise_intensity": 0.0,
  "noise_seed": 100,
  "noise_type": "gaussian",
  "num_traj": 100,
  "opt_time": 25.8163069000002,
  "post_mle_cost": 0.01692258194088936,
  "pre_mle_cost": 0.03816108778119087,
  "result_file": "C:\\Users\\abhig\\CODEBOX\\KoopmanGPO\\Figures\\SeedSensitivity\\Cart_data_20260601\\seed_z-363_seed_hp-273.json",
  "routine": "standard",
  "seed_hp": 273,
  "seed_z": 363,
  "status": "ok",
  "stop_tol": 0.001,
  "system_name": "Cart_data",
  "test_frac": 0.4,
  "test_nlpd": 0.37007880210876465,
  "test_nrmse": 6.257899105548859,
  "train_frac": 0.6,
  "train_nlpd": 0.9961027503013611,
  "train_nrmse": 7.327140122652054,
  "traj_batch_label": "15",
  "traj_batch_size": 15,
  "ts": 0.02,
  "z_seed": 363
}
