{
  "best_iter": 4000,
  "created_at": "2026-06-01T13:39:03",
  "device": "cuda:0",
  "full_cost_eval_every": 50,
  "hp2_scale": 2.6093437671661377,
  "hp_seed": 182,
  "iters": 4000,
  "learn_rate": 0.002,
  "lifting_order": 35,
  "max_iter": 100000,
  "momentum": 0.75,
  "n_steps": 100,
  "n_test": 40,
  "n_train": 60,
  "noise_intensity": 0.0,
  "noise_seed": 100,
  "noise_type": "gaussian",
  "num_traj": 100,
  "opt_time": 30.73668060003547,
  "post_mle_cost": 0.02019672468304634,
  "pre_mle_cost": 0.8981593251228333,
  "result_file": "C:\\Users\\abhig\\CODEBOX\\KoopmanGPO\\Figures\\SeedSensitivity\\Cart_data_20260601\\seed_z-91_seed_hp-182.json",
  "routine": "standard",
  "seed_hp": 182,
  "seed_z": 91,
  "status": "ok",
  "stop_tol": 0.001,
  "system_name": "Cart_data",
  "test_frac": 0.4,
  "test_nlpd": -0.09021447598934174,
  "test_nrmse": 8.911897242069244,
  "train_frac": 0.6,
  "train_nlpd": -0.1466303914785385,
  "train_nrmse": 10.438143461942673,
  "traj_batch_label": "15",
  "traj_batch_size": 15,
  "ts": 0.02,
  "z_seed": 91
}
