{
  "best_iter": 1050,
  "created_at": "2026-06-01T13:41:46",
  "device": "cuda:0",
  "full_cost_eval_every": 50,
  "hp2_scale": 2.6093437671661377,
  "hp_seed": 363,
  "iters": 1050,
  "learn_rate": 0.002,
  "lifting_order": 35,
  "max_iter": 100000,
  "momentum": 0.75,
  "n_steps": 100,
  "n_test": 40,
  "n_train": 60,
  "noise_intensity": 0.0,
  "noise_seed": 100,
  "noise_type": "gaussian",
  "num_traj": 100,
  "opt_time": 25.15610140003264,
  "post_mle_cost": 0.021065369248390198,
  "pre_mle_cost": 0.030935341492295265,
  "result_file": "C:\\Users\\abhig\\CODEBOX\\KoopmanGPO\\Figures\\SeedSensitivity\\Cart_data_20260601\\seed_z-91_seed_hp-363.json",
  "routine": "standard",
  "seed_hp": 363,
  "seed_z": 91,
  "status": "ok",
  "stop_tol": 0.001,
  "system_name": "Cart_data",
  "test_frac": 0.4,
  "test_nlpd": -2.036081552505493,
  "test_nrmse": 2.2158224135637283,
  "train_frac": 0.6,
  "train_nlpd": -1.906943678855896,
  "train_nrmse": 2.72645466029644,
  "traj_batch_label": "15",
  "traj_batch_size": 15,
  "ts": 0.02,
  "z_seed": 91
}
