{
  "best_iter": 1050,
  "created_at": "2026-06-01T15:18:41",
  "device": "cuda:0",
  "full_cost_eval_every": 50,
  "hp2_scale": 2.6093437671661377,
  "hp_seed": 46,
  "iters": 1050,
  "learn_rate": 0.002,
  "lifting_order": 35,
  "max_iter": 100000,
  "momentum": 0.75,
  "n_steps": 100,
  "n_test": 40,
  "n_train": 60,
  "noise_intensity": 0.0,
  "noise_seed": 100,
  "noise_type": "gaussian",
  "num_traj": 100,
  "opt_time": 24.125142299977597,
  "post_mle_cost": 0.019682150334119797,
  "pre_mle_cost": 0.06516417860984802,
  "result_file": "C:\\Users\\abhig\\CODEBOX\\KoopmanGPO\\Figures\\SeedSensitivity\\Cart_data_20260601\\seed_z-1234_seed_hp-46.json",
  "routine": "standard",
  "seed_hp": 46,
  "seed_z": 1234,
  "status": "ok",
  "stop_tol": 0.001,
  "system_name": "Cart_data",
  "test_frac": 0.4,
  "test_nlpd": -2.7561519145965576,
  "test_nrmse": 3.3452533185482025,
  "train_frac": 0.6,
  "train_nlpd": -2.4903342723846436,
  "train_nrmse": 3.5149727016687393,
  "traj_batch_label": "15",
  "traj_batch_size": 15,
  "ts": 0.02,
  "z_seed": 1234
}
