{
  "best_iter": 1050,
  "created_at": "2026-06-01T13:16:51",
  "device": "cuda:0",
  "full_cost_eval_every": 50,
  "hp2_scale": 2.6093437671661377,
  "hp_seed": 46,
  "iters": 1050,
  "learn_rate": 0.002,
  "lifting_order": 35,
  "max_iter": 100000,
  "momentum": 0.75,
  "n_steps": 100,
  "n_test": 40,
  "n_train": 60,
  "noise_intensity": 0.0,
  "noise_seed": 100,
  "noise_type": "gaussian",
  "num_traj": 100,
  "opt_time": 25.76802089996636,
  "post_mle_cost": 0.018789220601320267,
  "pre_mle_cost": 0.0653359442949295,
  "result_file": "C:\\Users\\abhig\\CODEBOX\\KoopmanGPO\\Figures\\SeedSensitivity\\Cart_data_20260601\\seed_z-10_seed_hp-46.json",
  "routine": "standard",
  "seed_hp": 46,
  "seed_z": 10,
  "status": "ok",
  "stop_tol": 0.001,
  "system_name": "Cart_data",
  "test_frac": 0.4,
  "test_nlpd": -1.8986202478408813,
  "test_nrmse": 3.301730751991272,
  "train_frac": 0.6,
  "train_nlpd": -1.724252462387085,
  "train_nrmse": 3.7062738090753555,
  "traj_batch_label": "15",
  "traj_batch_size": 15,
  "ts": 0.02,
  "z_seed": 10
}
