{
  "best_iter": 2700,
  "created_at": "2026-06-01T15:10:27",
  "device": "cuda:0",
  "full_cost_eval_every": 50,
  "hp2_scale": 2.6093437671661377,
  "hp_seed": 182,
  "iters": 2700,
  "learn_rate": 0.002,
  "lifting_order": 35,
  "max_iter": 100000,
  "momentum": 0.75,
  "n_steps": 100,
  "n_test": 40,
  "n_train": 60,
  "noise_intensity": 0.0,
  "noise_seed": 100,
  "noise_type": "gaussian",
  "num_traj": 100,
  "opt_time": 38.23137699998915,
  "post_mle_cost": 0.021635059267282486,
  "pre_mle_cost": 0.9317047595977783,
  "result_file": "C:\\Users\\abhig\\CODEBOX\\KoopmanGPO\\Figures\\SeedSensitivity\\Cart_data_20260601\\seed_z-500_seed_hp-182.json",
  "routine": "standard",
  "seed_hp": 182,
  "seed_z": 500,
  "status": "ok",
  "stop_tol": 0.001,
  "system_name": "Cart_data",
  "test_frac": 0.4,
  "test_nlpd": 0.43780970573425293,
  "test_nrmse": 8.136066794395447,
  "train_frac": 0.6,
  "train_nlpd": 0.504599392414093,
  "train_nrmse": 8.20101574063301,
  "traj_batch_label": "15",
  "traj_batch_size": 15,
  "ts": 0.02,
  "z_seed": 500
}
