{
  "best_iter": 1050,
  "created_at": "2026-06-01T13:55:00",
  "device": "cuda:0",
  "full_cost_eval_every": 50,
  "hp2_scale": 2.6093437671661377,
  "hp_seed": 1234,
  "iters": 1050,
  "learn_rate": 0.002,
  "lifting_order": 35,
  "max_iter": 100000,
  "momentum": 0.75,
  "n_steps": 100,
  "n_test": 40,
  "n_train": 60,
  "noise_intensity": 0.0,
  "noise_seed": 100,
  "noise_type": "gaussian",
  "num_traj": 100,
  "opt_time": 23.71541669999715,
  "post_mle_cost": 0.014810648746788502,
  "pre_mle_cost": 0.02506224997341633,
  "result_file": "C:\\Users\\abhig\\CODEBOX\\KoopmanGPO\\Figures\\SeedSensitivity\\Cart_data_20260601\\seed_z-137_seed_hp-1234.json",
  "routine": "standard",
  "seed_hp": 1234,
  "seed_z": 137,
  "status": "ok",
  "stop_tol": 0.001,
  "system_name": "Cart_data",
  "test_frac": 0.4,
  "test_nlpd": -0.4138026833534241,
  "test_nrmse": 6.626435369253159,
  "train_frac": 0.6,
  "train_nlpd": -0.2137335240840912,
  "train_nrmse": 5.497423931956291,
  "traj_batch_label": "15",
  "traj_batch_size": 15,
  "ts": 0.02,
  "z_seed": 137
}
