{
  "best_iter": 4750,
  "created_at": "2026-06-01T14:57:17",
  "device": "cuda:0",
  "full_cost_eval_every": 50,
  "hp2_scale": 2.6093437671661377,
  "hp_seed": 10,
  "iters": 4750,
  "learn_rate": 0.002,
  "lifting_order": 35,
  "max_iter": 100000,
  "momentum": 0.75,
  "n_steps": 100,
  "n_test": 40,
  "n_train": 60,
  "noise_intensity": 0.0,
  "noise_seed": 100,
  "noise_type": "gaussian",
  "num_traj": 100,
  "opt_time": 36.53728409996256,
  "post_mle_cost": 0.014224033802747726,
  "pre_mle_cost": 0.14022399485111237,
  "result_file": "C:\\Users\\abhig\\CODEBOX\\KoopmanGPO\\Figures\\SeedSensitivity\\Cart_data_20260601\\seed_z-454_seed_hp-10.json",
  "routine": "standard",
  "seed_hp": 10,
  "seed_z": 454,
  "status": "ok",
  "stop_tol": 0.001,
  "system_name": "Cart_data",
  "test_frac": 0.4,
  "test_nlpd": -0.1850624531507492,
  "test_nrmse": 4.403792321681976,
  "train_frac": 0.6,
  "train_nlpd": -0.2634214460849762,
  "train_nrmse": 4.574592038989067,
  "traj_batch_label": "15",
  "traj_batch_size": 15,
  "ts": 0.02,
  "z_seed": 454
}
