{
  "best_iter": 2750,
  "created_at": "2026-06-01T13:44:26",
  "device": "cuda:0",
  "full_cost_eval_every": 50,
  "hp2_scale": 2.6093437671661377,
  "hp_seed": 500,
  "iters": 2750,
  "learn_rate": 0.002,
  "lifting_order": 35,
  "max_iter": 100000,
  "momentum": 0.75,
  "n_steps": 100,
  "n_test": 40,
  "n_train": 60,
  "noise_intensity": 0.0,
  "noise_seed": 100,
  "noise_type": "gaussian",
  "num_traj": 100,
  "opt_time": 29.26077599998098,
  "post_mle_cost": 0.01821066066622734,
  "pre_mle_cost": 0.05904826149344444,
  "result_file": "C:\\Users\\abhig\\CODEBOX\\KoopmanGPO\\Figures\\SeedSensitivity\\Cart_data_20260601\\seed_z-91_seed_hp-500.json",
  "routine": "standard",
  "seed_hp": 500,
  "seed_z": 91,
  "status": "ok",
  "stop_tol": 0.001,
  "system_name": "Cart_data",
  "test_frac": 0.4,
  "test_nlpd": -0.7339884638786316,
  "test_nrmse": 2.5054197758436203,
  "train_frac": 0.6,
  "train_nlpd": -0.29934433102607727,
  "train_nrmse": 2.996864542365074,
  "traj_batch_label": "15",
  "traj_batch_size": 15,
  "ts": 0.02,
  "z_seed": 91
}
