{
  "best_iter": 2800,
  "created_at": "2026-06-01T13:08:44",
  "device": "cuda:0",
  "full_cost_eval_every": 50,
  "hp2_scale": 2.6093437671661377,
  "hp_seed": 182,
  "iters": 2800,
  "learn_rate": 0.002,
  "lifting_order": 35,
  "max_iter": 100000,
  "momentum": 0.75,
  "n_steps": 100,
  "n_test": 40,
  "n_train": 60,
  "noise_intensity": 0.0,
  "noise_seed": 100,
  "noise_type": "gaussian",
  "num_traj": 100,
  "opt_time": 32.120599600020796,
  "post_mle_cost": 0.017960818484425545,
  "pre_mle_cost": 0.9293254613876343,
  "result_file": "C:\\Users\\abhig\\CODEBOX\\KoopmanGPO\\Figures\\SeedSensitivity\\Cart_data_20260601\\seed_z-1_seed_hp-182.json",
  "routine": "standard",
  "seed_hp": 182,
  "seed_z": 1,
  "status": "ok",
  "stop_tol": 0.001,
  "system_name": "Cart_data",
  "test_frac": 0.4,
  "test_nlpd": -0.5355750322341919,
  "test_nrmse": 5.494571849703789,
  "train_frac": 0.6,
  "train_nlpd": -0.5558004379272461,
  "train_nrmse": 6.305995583534241,
  "traj_batch_label": "15",
  "traj_batch_size": 15,
  "ts": 0.02,
  "z_seed": 1
}
