{
  "best_iter": 3700,
  "created_at": "2026-06-01T15:20:38",
  "device": "cuda:0",
  "full_cost_eval_every": 50,
  "hp2_scale": 2.6093437671661377,
  "hp_seed": 182,
  "iters": 3700,
  "learn_rate": 0.002,
  "lifting_order": 35,
  "max_iter": 100000,
  "momentum": 0.75,
  "n_steps": 100,
  "n_test": 40,
  "n_train": 60,
  "noise_intensity": 0.0,
  "noise_seed": 100,
  "noise_type": "gaussian",
  "num_traj": 100,
  "opt_time": 31.463930000027176,
  "post_mle_cost": 0.016398580744862556,
  "pre_mle_cost": 0.9063637852668762,
  "result_file": "C:\\Users\\abhig\\CODEBOX\\KoopmanGPO\\Figures\\SeedSensitivity\\Cart_data_20260601\\seed_z-1234_seed_hp-182.json",
  "routine": "standard",
  "seed_hp": 182,
  "seed_z": 1234,
  "status": "ok",
  "stop_tol": 0.001,
  "system_name": "Cart_data",
  "test_frac": 0.4,
  "test_nlpd": -0.27026042342185974,
  "test_nrmse": 11.620031297206879,
  "train_frac": 0.6,
  "train_nlpd": 0.017593948170542717,
  "train_nrmse": 12.786366045475006,
  "traj_batch_label": "15",
  "traj_batch_size": 15,
  "ts": 0.02,
  "z_seed": 1234
}
