{
  "system": "inhibited_predator_prey",
  "num_total_trajectories": 30,
  "num_train_trajectories": 10,
  "num_test_trajectories": 20,
  "nlpd_first_kept_step": 2,
  "nlpd_last_kept_step": 97,
  "nlpd_num_time_steps_used": 96,
  "computation_time_seconds": 23.12821349996375,
  "final_train_cost": 1.4549226760864258,
  "train_nrmse": {
    "mean": 0.1508064568042755,
    "median": 0.09795744717121124
  },
  "test_nrmse": {
    "mean": 0.17360176146030426,
    "median": 0.113684743642807
  },
  "train_nlpd": {
    "mean": 4.714241027832031,
    "median": 4.6672492027282715
  },
  "test_nlpd": {
    "mean": 4.210003852844238,
    "median": 4.239386558532715
  },
  "files": {
    "text_summary": "Figures\\numtraj_sweep_20260403_154241\\numtrain_0010.txt",
    "json_summary": "Figures\\numtraj_sweep_20260403_154241\\numtrain_0010.json"
  },
  "config": {
    "lifting_order": 10,
    "max_iter": 100,
    "learn_rate": 0.001,
    "device": "cuda:0",
    "train_method": "Horizon",
    "routine": "Z_only",
    "hp1_scale": 1.0,
    "hp2_init": 1.2989306449890137,
    "opt_weights": [
      1.0,
      1.0,
      0.0
    ],
    "seed_z": 1234,
    "seed_hp": 1234
  }
}