{
  "system": "inhibited_predator_prey",
  "num_total_trajectories": 25,
  "num_train_trajectories": 5,
  "num_test_trajectories": 20,
  "nlpd_first_kept_step": 2,
  "nlpd_last_kept_step": 97,
  "nlpd_num_time_steps_used": 96,
  "computation_time_seconds": 24.08218000002671,
  "final_train_cost": 0.6335444450378418,
  "train_nrmse": {
    "mean": 0.16831843554973602,
    "median": 0.17211395502090454
  },
  "test_nrmse": {
    "mean": 0.22363705933094025,
    "median": 0.19748222827911377
  },
  "train_nlpd": {
    "mean": 7.117084503173828,
    "median": 7.240060329437256
  },
  "test_nlpd": {
    "mean": 7.457993984222412,
    "median": 7.269678592681885
  },
  "files": {
    "text_summary": "Figures\\numtraj_sweep_20260403_154241\\numtrain_0005.txt",
    "json_summary": "Figures\\numtraj_sweep_20260403_154241\\numtrain_0005.json"
  },
  "config": {
    "lifting_order": 10,
    "max_iter": 100,
    "learn_rate": 0.001,
    "device": "cuda:0",
    "train_method": "Horizon",
    "routine": "Z_only",
    "hp1_scale": 1.0,
    "hp2_init": 1.357978105545044,
    "opt_weights": [
      1.0,
      1.0,
      0.0
    ],
    "seed_z": 1234,
    "seed_hp": 1234
  }
}