{
  "system": "inhibited_predator_prey",
  "num_total_trajectories": 40,
  "num_train_trajectories": 20,
  "num_test_trajectories": 20,
  "nlpd_first_kept_step": 2,
  "nlpd_last_kept_step": 97,
  "nlpd_num_time_steps_used": 96,
  "computation_time_seconds": 25.954075300018303,
  "final_train_cost": 7.693934440612793,
  "train_nrmse": {
    "mean": 0.08041605353355408,
    "median": 0.0665007159113884
  },
  "test_nrmse": {
    "mean": 0.1526404321193695,
    "median": 0.09169894456863403
  },
  "train_nlpd": {
    "mean": 2.8590571880340576,
    "median": 2.793606996536255
  },
  "test_nlpd": {
    "mean": 3.875349521636963,
    "median": 3.1003687381744385
  },
  "files": {
    "text_summary": "Figures\\numtraj_sweep_20260403_154241\\numtrain_0020.txt",
    "json_summary": "Figures\\numtraj_sweep_20260403_154241\\numtrain_0020.json"
  },
  "config": {
    "lifting_order": 10,
    "max_iter": 100,
    "learn_rate": 0.001,
    "device": "cuda:0",
    "train_method": "Horizon",
    "routine": "Z_only",
    "hp1_scale": 1.0,
    "hp2_init": 1.317644476890564,
    "opt_weights": [
      1.0,
      1.0,
      0.0
    ],
    "seed_z": 1234,
    "seed_hp": 1234
  }
}