{
  "system": "unforced_poc",
  "num_total_trajectories": 540,
  "num_train_trajectories": 100,
  "num_test_trajectories": 40,
  "lifting_order": 20,
  "nlpd_first_kept_step": 2,
  "nlpd_last_kept_step": 97,
  "nlpd_num_time_steps_used": 96,
  "computation_time_seconds": 50.48209080006927,
  "final_train_cost": 0.12393556535243988,
  "train_nrmse": {
    "mean": 0.0659731850028038,
    "median": 0.05447690933942795
  },
  "test_nrmse": {
    "mean": 0.06834651529788971,
    "median": 0.05807499587535858
  },
  "train_nlpd": {
    "mean": 75.2696762084961,
    "median": 24.101116180419922
  },
  "test_nlpd": {
    "mean": 47.52661895751953,
    "median": 22.201784133911133
  },
  "gpu_memory": [
    527.14697265625
  ],
  "total_iters": 1400,
  "files": {
    "text_summary": "Figures\\lifted_order_sweep_20260618_042150\\lifted_order_0020.txt",
    "json_summary": "Figures\\lifted_order_sweep_20260618_042150\\lifted_order_0020.json"
  },
  "config": {
    "lifting_order": 20,
    "num_train": 100,
    "max_iter": 100000,
    "learn_rate": 0.002,
    "device": "cuda:0",
    "train_method": "Zero-Mean",
    "routine": "standard",
    "hp1_scale": 1.0,
    "hp2_init": 2.507805824279785,
    "opt_weights": [
      1.0,
      1.0,
      0.0
    ],
    "seed_z": 1234,
    "seed_hp": 1234
  }
}