{
  "system": "unforced_poc",
  "num_total_trajectories": 540,
  "num_train_trajectories": 100,
  "num_test_trajectories": 40,
  "lifting_order": 100,
  "nlpd_first_kept_step": 2,
  "nlpd_last_kept_step": 97,
  "nlpd_num_time_steps_used": 96,
  "computation_time_seconds": 276.2981901000021,
  "final_train_cost": 0.04558437317609787,
  "train_nrmse": {
    "mean": 0.020696554332971573,
    "median": 0.015937158837914467
  },
  "test_nrmse": {
    "mean": 0.028821224346756935,
    "median": 0.016907893121242523
  },
  "train_nlpd": {
    "mean": -1.1363139152526855,
    "median": -1.2579811811447144
  },
  "test_nlpd": {
    "mean": -0.8319336771965027,
    "median": -0.9252222776412964
  },
  "gpu_memory": [
    2563.0439453125
  ],
  "total_iters": 2050,
  "files": {
    "text_summary": "Figures\\lifted_order_sweep_20260618_042150\\lifted_order_0100.txt",
    "json_summary": "Figures\\lifted_order_sweep_20260618_042150\\lifted_order_0100.json"
  },
  "config": {
    "lifting_order": 100,
    "num_train": 100,
    "max_iter": 100000,
    "learn_rate": 0.002,
    "device": "cuda:0",
    "train_method": "Zero-Mean",
    "routine": "standard",
    "hp1_scale": 1.0,
    "hp2_init": 2.507805824279785,
    "opt_weights": [
      1.0,
      1.0,
      0.0
    ],
    "seed_z": 1234,
    "seed_hp": 1234
  }
}