{
  "system": "unforced_poc",
  "num_total_trajectories": 540,
  "num_train_trajectories": 100,
  "num_test_trajectories": 40,
  "lifting_order": 65,
  "nlpd_first_kept_step": 2,
  "nlpd_last_kept_step": 97,
  "nlpd_num_time_steps_used": 96,
  "computation_time_seconds": 130.10268550005276,
  "final_train_cost": 0.05986546725034714,
  "train_nrmse": {
    "mean": 0.019689513370394707,
    "median": 0.015100119635462761
  },
  "test_nrmse": {
    "mean": 0.02507805824279785,
    "median": 0.015062954276800156
  },
  "train_nlpd": {
    "mean": -0.3403443992137909,
    "median": -0.35996222496032715
  },
  "test_nlpd": {
    "mean": -0.1096973642706871,
    "median": -0.3266242444515228
  },
  "gpu_memory": [
    1670.27392578125
  ],
  "total_iters": 1250,
  "files": {
    "text_summary": "Figures\\lifted_order_sweep_20260618_042150\\lifted_order_0065.txt",
    "json_summary": "Figures\\lifted_order_sweep_20260618_042150\\lifted_order_0065.json"
  },
  "config": {
    "lifting_order": 65,
    "num_train": 100,
    "max_iter": 100000,
    "learn_rate": 0.002,
    "device": "cuda:0",
    "train_method": "Zero-Mean",
    "routine": "standard",
    "hp1_scale": 1.0,
    "hp2_init": 2.507805824279785,
    "opt_weights": [
      1.0,
      1.0,
      0.0
    ],
    "seed_z": 1234,
    "seed_hp": 1234
  }
}