{
  "system": "unforced_poc",
  "num_total_trajectories": 540,
  "num_train_trajectories": 100,
  "num_test_trajectories": 40,
  "lifting_order": 10,
  "nlpd_first_kept_step": 2,
  "nlpd_last_kept_step": 97,
  "nlpd_num_time_steps_used": 96,
  "computation_time_seconds": 29.345358100021258,
  "final_train_cost": 0.05945298448204994,
  "train_nrmse": {
    "mean": 0.1492193192243576,
    "median": 0.10866471379995346
  },
  "test_nrmse": {
    "mean": 0.17745928466320038,
    "median": 0.11034701764583588
  },
  "train_nlpd": {
    "mean": 28959.46484375,
    "median": 1124.308837890625
  },
  "test_nlpd": {
    "mean": 14221.5205078125,
    "median": 860.5204467773438
  },
  "gpu_memory": [
    271.38916015625
  ],
  "total_iters": 1450,
  "files": {
    "text_summary": "Figures\\lifted_order_sweep_20260618_042150\\lifted_order_0010.txt",
    "json_summary": "Figures\\lifted_order_sweep_20260618_042150\\lifted_order_0010.json"
  },
  "config": {
    "lifting_order": 10,
    "num_train": 100,
    "max_iter": 100000,
    "learn_rate": 0.002,
    "device": "cuda:0",
    "train_method": "Zero-Mean",
    "routine": "standard",
    "hp1_scale": 1.0,
    "hp2_init": 2.507805824279785,
    "opt_weights": [
      1.0,
      1.0,
      0.0
    ],
    "seed_z": 1234,
    "seed_hp": 1234
  }
}