{
  "system": "chaotic_lorenz",
  "num_total_trajectories": 90,
  "num_train_trajectories": 50,
  "num_test_trajectories": 40,
  "nlpd_first_kept_step": 2,
  "nlpd_last_kept_step": 147,
  "nlpd_num_time_steps_used": 146,
  "computation_time_seconds": 614.7699823000003,
  "final_train_cost": 106.58541870117188,
  "train_nrmse": {
    "mean": 0.22767916321754456,
    "median": 0.20655381679534912
  },
  "test_nrmse": {
    "mean": 0.2485094517469406,
    "median": 0.23365144431591034
  },
  "train_nlpd": {
    "mean": 52.69099426269531,
    "median": 23.090869903564453
  },
  "test_nlpd": {
    "mean": 49.87055969238281,
    "median": 27.35788917541504
  },
  "files": {
    "text_summary": "Figures\\numtraj_sweep_20260405_112051\\numtrain_0050.txt",
    "json_summary": "Figures\\numtraj_sweep_20260405_112051\\numtrain_0050.json"
  },
  "config": {
    "lifting_order": 19,
    "max_iter": 2500,
    "learn_rate": 0.001,
    "device": "cuda:0",
    "train_method": "Horizon",
    "routine": "Z_only",
    "hp1_scale": 1.0,
    "hp2_init": 1.9274494489867597,
    "opt_weights": [
      1.0,
      1.0,
      0.0
    ],
    "seed_z": 1234,
    "seed_hp": 1234
  }
}