{
  "system": "chaotic_lorenz",
  "num_total_trajectories": 140,
  "num_train_trajectories": 100,
  "num_test_trajectories": 40,
  "nlpd_first_kept_step": 2,
  "nlpd_last_kept_step": 147,
  "nlpd_num_time_steps_used": 146,
  "computation_time_seconds": 1407.0604063000064,
  "final_train_cost": 47.735435485839844,
  "train_nrmse": {
    "mean": 0.2345830798149109,
    "median": 0.23195993900299072
  },
  "test_nrmse": {
    "mean": 0.2619045376777649,
    "median": 0.2654154598712921
  },
  "train_nlpd": {
    "mean": 5.202228546142578,
    "median": 5.136440753936768
  },
  "test_nlpd": {
    "mean": 5.312922477722168,
    "median": 5.253853797912598
  },
  "files": {
    "text_summary": "Figures\\numtraj_sweep_20260405_112051\\numtrain_0100.txt",
    "json_summary": "Figures\\numtraj_sweep_20260405_112051\\numtrain_0100.json"
  },
  "config": {
    "lifting_order": 19,
    "max_iter": 2500,
    "learn_rate": 0.001,
    "device": "cuda:0",
    "train_method": "Horizon",
    "routine": "Z_only",
    "hp1_scale": 1.0,
    "hp2_init": 1.9930282352858613,
    "opt_weights": [
      1.0,
      1.0,
      0.0
    ],
    "seed_z": 1234,
    "seed_hp": 1234
  }
}