{
  "system": "chaotic_lorenz",
  "num_total_trajectories": 190,
  "num_train_trajectories": 150,
  "num_test_trajectories": 40,
  "nlpd_first_kept_step": 2,
  "nlpd_last_kept_step": 147,
  "nlpd_num_time_steps_used": 146,
  "computation_time_seconds": 2737.651610900066,
  "final_train_cost": 60.69968032836914,
  "train_nrmse": {
    "mean": 0.23886878788471222,
    "median": 0.22932888567447662
  },
  "test_nrmse": {
    "mean": 0.22380748391151428,
    "median": 0.21353738009929657
  },
  "train_nlpd": {
    "mean": 5.198262691497803,
    "median": 5.224061012268066
  },
  "test_nlpd": {
    "mean": 5.322953224182129,
    "median": 5.339603424072266
  },
  "files": {
    "text_summary": "Figures\\numtraj_sweep_20260405_112051\\numtrain_0150.txt",
    "json_summary": "Figures\\numtraj_sweep_20260405_112051\\numtrain_0150.json"
  },
  "config": {
    "lifting_order": 19,
    "max_iter": 2500,
    "learn_rate": 0.001,
    "device": "cuda:0",
    "train_method": "Horizon",
    "routine": "Z_only",
    "hp1_scale": 1.0,
    "hp2_init": 1.9610698722744297,
    "opt_weights": [
      1.0,
      1.0,
      0.0
    ],
    "seed_z": 1234,
    "seed_hp": 1234
  }
}