{
  "system": "inhibited_predator_prey",
  "num_total_trajectories": 220,
  "num_train_trajectories": 200,
  "num_test_trajectories": 20,
  "nlpd_first_kept_step": 2,
  "nlpd_last_kept_step": 97,
  "nlpd_num_time_steps_used": 96,
  "computation_time_seconds": 1546.8846979999216,
  "final_train_cost": 27.73482894897461,
  "train_nrmse": {
    "mean": 0.1829472929239273,
    "median": 0.17115060985088348
  },
  "test_nrmse": {
    "mean": 0.15476684272289276,
    "median": 0.14415237307548523
  },
  "train_nlpd": {
    "mean": 6.953270435333252,
    "median": 2.5054447650909424
  },
  "test_nlpd": {
    "mean": 10.112527847290039,
    "median": 2.2331578731536865
  },
  "files": {
    "text_summary": "Figures\\numtraj_sweep_20260403_155609\\numtrain_0200.txt",
    "json_summary": "Figures\\numtraj_sweep_20260403_155609\\numtrain_0200.json"
  },
  "config": {
    "lifting_order": 10,
    "max_iter": 2500,
    "learn_rate": 0.001,
    "device": "cuda:0",
    "train_method": "Horizon",
    "routine": "Z_only",
    "hp1_scale": 1.0,
    "hp2_init": 1.3978484707633965,
    "opt_weights": [
      1.0,
      1.0,
      0.0
    ],
    "seed_z": 1234,
    "seed_hp": 1234
  }
}