{
  "system": "inhibited_predator_prey",
  "num_total_trajectories": 170,
  "num_train_trajectories": 150,
  "num_test_trajectories": 20,
  "nlpd_first_kept_step": 2,
  "nlpd_last_kept_step": 97,
  "nlpd_num_time_steps_used": 96,
  "computation_time_seconds": 985.7301101000048,
  "final_train_cost": 24.60886001586914,
  "train_nrmse": {
    "mean": 0.25621965527534485,
    "median": 0.23348036408424377
  },
  "test_nrmse": {
    "mean": 0.2561052143573761,
    "median": 0.2300889790058136
  },
  "train_nlpd": {
    "mean": 2.918111562728882,
    "median": 2.893549919128418
  },
  "test_nlpd": {
    "mean": 2.907456874847412,
    "median": 2.886030435562134
  },
  "files": {
    "text_summary": "Figures\\numtraj_sweep_20260403_155609\\numtrain_0150.txt",
    "json_summary": "Figures\\numtraj_sweep_20260403_155609\\numtrain_0150.json"
  },
  "config": {
    "lifting_order": 10,
    "max_iter": 2500,
    "learn_rate": 0.001,
    "device": "cuda:0",
    "train_method": "Horizon",
    "routine": "Z_only",
    "hp1_scale": 1.0,
    "hp2_init": 1.3719277988417184,
    "opt_weights": [
      1.0,
      1.0,
      0.0
    ],
    "seed_z": 1234,
    "seed_hp": 1234
  }
}