{
  "system": "inhibited_predator_prey",
  "num_total_trajectories": 120,
  "num_train_trajectories": 100,
  "num_test_trajectories": 20,
  "nlpd_first_kept_step": 2,
  "nlpd_last_kept_step": 97,
  "nlpd_num_time_steps_used": 96,
  "computation_time_seconds": 545.1131950999843,
  "final_train_cost": 10.15510082244873,
  "train_nrmse": {
    "mean": 0.2372845709323883,
    "median": 0.20646388828754425
  },
  "test_nrmse": {
    "mean": 0.21078212559223175,
    "median": 0.18880869448184967
  },
  "train_nlpd": {
    "mean": 4.05008602142334,
    "median": 4.059366226196289
  },
  "test_nlpd": {
    "mean": 4.115072250366211,
    "median": 4.0320048332214355
  },
  "files": {
    "text_summary": "Figures\\numtraj_sweep_20260403_155609\\numtrain_0100.txt",
    "json_summary": "Figures\\numtraj_sweep_20260403_155609\\numtrain_0100.json"
  },
  "config": {
    "lifting_order": 10,
    "max_iter": 2500,
    "learn_rate": 0.001,
    "device": "cuda:0",
    "train_method": "Horizon",
    "routine": "Z_only",
    "hp1_scale": 1.0,
    "hp2_init": 1.4078735907832796,
    "opt_weights": [
      1.0,
      1.0,
      0.0
    ],
    "seed_z": 1234,
    "seed_hp": 1234
  }
}