{
  "system": "inhibited_predator_prey",
  "num_total_trajectories": 40,
  "num_train_trajectories": 20,
  "num_test_trajectories": 20,
  "nlpd_first_kept_step": 2,
  "nlpd_last_kept_step": 97,
  "nlpd_num_time_steps_used": 96,
  "computation_time_seconds": 175.85859660001006,
  "final_train_cost": 11.729340553283691,
  "train_nrmse": {
    "mean": 0.1726032942533493,
    "median": 0.13728828728199005
  },
  "test_nrmse": {
    "mean": 0.22610945999622345,
    "median": 0.1649385392665863
  },
  "train_nlpd": {
    "mean": 2.544796943664551,
    "median": 2.325822353363037
  },
  "test_nlpd": {
    "mean": 6.996285438537598,
    "median": 2.7283852100372314
  },
  "files": {
    "text_summary": "Figures\\numtraj_sweep_20260403_155609\\numtrain_0020.txt",
    "json_summary": "Figures\\numtraj_sweep_20260403_155609\\numtrain_0020.json"
  },
  "config": {
    "lifting_order": 10,
    "max_iter": 2500,
    "learn_rate": 0.001,
    "device": "cuda:0",
    "train_method": "Horizon",
    "routine": "Z_only",
    "hp1_scale": 1.0,
    "hp2_init": 1.317644476890564,
    "opt_weights": [
      1.0,
      1.0,
      0.0
    ],
    "seed_z": 1234,
    "seed_hp": 1234
  }
}